# Insert Sample Data into College Utility System

-- Insert sample users
INSERT INTO users (username, password_hash, role, is_active) VALUES
('admin1', '$2a$10$slYQmyNdGzin7olVN3p5Be7DH5tDVRV4rWO0W.fvWkK8p7q8m8Wxm', 'ADMIN', TRUE),
('roll001', '$2a$10$slYQmyNdGzin7olVN3p5Be7DH5tDVRV4rWO0W.fvWkK8p7q8m8Wxm', 'STUDENT', TRUE),
('roll002', '$2a$10$slYQmyNdGzin7olVN3p5Be7DH5tDVRV4rWO0W.fvWkK8p7q8m8Wxm', 'STUDENT', TRUE),
('roll003', '$2a$10$slYQmyNdGzin7olVN3p5Be7DH5tDVRV4rWO0W.fvWkK8p7q8m8Wxm', 'STUDENT', TRUE),
('roll004', '$2a$10$slYQmyNdGzin7olVN3p5Be7DH5tDVRV4rWO0W.fvWkK8p7q8m8Wxm', 'STUDENT', TRUE),
('roll005', '$2a$10$slYQmyNdGzin7olVN3p5Be7DH5tDVRV4rWO0W.fvWkK8p7q8m8Wxm', 'STUDENT', TRUE),
('roll006', '$2a$10$slYQmyNdGzin7olVN3p5Be7DH5tDVRV4rWO0W.fvWkK8p7q8m8Wxm', 'STUDENT', TRUE),
('roll007', '$2a$10$slYQmyNdGzin7olVN3p5Be7DH5tDVRV4rWO0W.fvWkK8p7q8m8Wxm', 'STUDENT', TRUE),
('roll008', '$2a$10$slYQmyNdGzin7olVN3p5Be7DH5tDVRV4rWO0W.fvWkK8p7q8m8Wxm', 'STUDENT', TRUE),
('roll009', '$2a$10$slYQmyNdGzin7olVN3p5Be7DH5tDVRV4rWO0W.fvWkK8p7q8m8Wxm', 'STUDENT', TRUE),
('roll010', '$2a$10$slYQmyNdGzin7olVN3p5Be7DH5tDVRV4rWO0W.fvWkK8p7q8m8Wxm', 'STUDENT', TRUE),
('roll011', '$2a$10$slYQmyNdGzin7olVN3p5Be7DH5tDVRV4rWO0W.fvWkK8p7q8m8Wxm', 'STUDENT', TRUE),
('roll012', '$2a$10$slYQmyNdGzin7olVN3p5Be7DH5tDVRV4rWO0W.fvWkK8p7q8m8Wxm', 'STUDENT', TRUE),
('roll013', '$2a$10$slYQmyNdGzin7olVN3p5Be7DH5tDVRV4rWO0W.fvWkK8p7q8m8Wxm', 'STUDENT', TRUE),
('roll014', '$2a$10$slYQmyNdGzin7olVN3p5Be7DH5tDVRV4rWO0W.fvWkK8p7q8m8Wxm', 'STUDENT', TRUE),
('roll015', '$2a$10$slYQmyNdGzin7olVN3p5Be7DH5tDVRV4rWO0W.fvWkK8p7q8m8Wxm', 'STUDENT', TRUE),
('roll016', '$2a$10$slYQmyNdGzin7olVN3p5Be7DH5tDVRV4rWO0W.fvWkK8p7q8m8Wxm', 'STUDENT', TRUE),
('roll017', '$2a$10$slYQmyNdGzin7olVN3p5Be7DH5tDVRV4rWO0W.fvWkK8p7q8m8Wxm', 'STUDENT', TRUE),
('roll018', '$2a$10$slYQmyNdGzin7olVN3p5Be7DH5tDVRV4rWO0W.fvWkK8p7q8m8Wxm', 'STUDENT', TRUE),
('roll019', '$2a$10$slYQmyNdGzin7olVN3p5Be7DH5tDVRV4rWO0W.fvWkK8p7q8m8Wxm', 'STUDENT', TRUE),
('roll020', '$2a$10$slYQmyNdGzin7olVN3p5Be7DH5tDVRV4rWO0W.fvWkK8p7q8m8Wxm', 'STUDENT', TRUE),
('roll021', '$2a$10$slYQmyNdGzin7olVN3p5Be7DH5tDVRV4rWO0W.fvWkK8p7q8m8Wxm', 'STUDENT', TRUE),
('roll022', '$2a$10$slYQmyNdGzin7olVN3p5Be7DH5tDVRV4rWO0W.fvWkK8p7q8m8Wxm', 'STUDENT', TRUE),
('roll023', '$2a$10$slYQmyNdGzin7olVN3p5Be7DH5tDVRV4rWO0W.fvWkK8p7q8m8Wxm', 'STUDENT', TRUE),
('roll024', '$2a$10$slYQmyNdGzin7olVN3p5Be7DH5tDVRV4rWO0W.fvWkK8p7q8m8Wxm', 'STUDENT', TRUE),
('roll025', '$2a$10$slYQmyNdGzin7olVN3p5Be7DH5tDVRV4rWO0W.fvWkK8p7q8m8Wxm', 'STUDENT', TRUE),
('roll026', '$2a$10$slYQmyNdGzin7olVN3p5Be7DH5tDVRV4rWO0W.fvWkK8p7q8m8Wxm', 'STUDENT', TRUE),
('roll027', '$2a$10$slYQmyNdGzin7olVN3p5Be7DH5tDVRV4rWO0W.fvWkK8p7q8m8Wxm', 'STUDENT', TRUE),
('roll028', '$2a$10$slYQmyNdGzin7olVN3p5Be7DH5tDVRV4rWO0W.fvWkK8p7q8m8Wxm', 'STUDENT', TRUE),
('roll029', '$2a$10$slYQmyNdGzin7olVN3p5Be7DH5tDVRV4rWO0W.fvWkK8p7q8m8Wxm', 'STUDENT', TRUE),
('roll030', '$2a$10$slYQmyNdGzin7olVN3p5Be7DH5tDVRV4rWO0W.fvWkK8p7q8m8Wxm', 'STUDENT', TRUE),
('roll031', '$2a$10$slYQmyNdGzin7olVN3p5Be7DH5tDVRV4rWO0W.fvWkK8p7q8m8Wxm', 'STUDENT', TRUE),
('roll032', '$2a$10$slYQmyNdGzin7olVN3p5Be7DH5tDVRV4rWO0W.fvWkK8p7q8m8Wxm', 'STUDENT', TRUE),
('roll033', '$2a$10$slYQmyNdGzin7olVN3p5Be7DH5tDVRV4rWO0W.fvWkK8p7q8m8Wxm', 'STUDENT', TRUE),
('roll034', '$2a$10$slYQmyNdGzin7olVN3p5Be7DH5tDVRV4rWO0W.fvWkK8p7q8m8Wxm', 'STUDENT', TRUE),
('roll035', '$2a$10$slYQmyNdGzin7olVN3p5Be7DH5tDVRV4rWO0W.fvWkK8p7q8m8Wxm', 'STUDENT', TRUE),
('roll036', '$2a$10$slYQmyNdGzin7olVN3p5Be7DH5tDVRV4rWO0W.fvWkK8p7q8m8Wxm', 'STUDENT', TRUE),
('roll037', '$2a$10$slYQmyNdGzin7olVN3p5Be7DH5tDVRV4rWO0W.fvWkK8p7q8m8Wxm', 'STUDENT', TRUE),
('roll038', '$2a$10$slYQmyNdGzin7olVN3p5Be7DH5tDVRV4rWO0W.fvWkK8p7q8m8Wxm', 'STUDENT', TRUE),
('roll039', '$2a$10$slYQmyNdGzin7olVN3p5Be7DH5tDVRV4rWO0W.fvWkK8p7q8m8Wxm', 'STUDENT', TRUE),
('roll040', '$2a$10$slYQmyNdGzin7olVN3p5Be7DH5tDVRV4rWO0W.fvWkK8p7q8m8Wxm', 'STUDENT', TRUE),
('roll041', '$2a$10$slYQmyNdGzin7olVN3p5Be7DH5tDVRV4rWO0W.fvWkK8p7q8m8Wxm', 'STUDENT', TRUE),
('roll042', '$2a$10$slYQmyNdGzin7olVN3p5Be7DH5tDVRV4rWO0W.fvWkK8p7q8m8Wxm', 'STUDENT', TRUE),
('roll043', '$2a$10$slYQmyNdGzin7olVN3p5Be7DH5tDVRV4rWO0W.fvWkK8p7q8m8Wxm', 'STUDENT', TRUE),
('roll044', '$2a$10$slYQmyNdGzin7olVN3p5Be7DH5tDVRV4rWO0W.fvWkK8p7q8m8Wxm', 'STUDENT', TRUE),
('roll045', '$2a$10$slYQmyNdGzin7olVN3p5Be7DH5tDVRV4rWO0W.fvWkK8p7q8m8Wxm', 'STUDENT', TRUE),
('roll046', '$2a$10$slYQmyNdGzin7olVN3p5Be7DH5tDVRV4rWO0W.fvWkK8p7q8m8Wxm', 'STUDENT', TRUE),
('roll047', '$2a$10$slYQmyNdGzin7olVN3p5Be7DH5tDVRV4rWO0W.fvWkK8p7q8m8Wxm', 'STUDENT', TRUE),
('roll048', '$2a$10$slYQmyNdGzin7olVN3p5Be7DH5tDVRV4rWO0W.fvWkK8p7q8m8Wxm', 'STUDENT', TRUE),
('roll049', '$2a$10$slYQmyNdGzin7olVN3p5Be7DH5tDVRV4rWO0W.fvWkK8p7q8m8Wxm', 'STUDENT', TRUE),
('roll050', '$2a$10$slYQmyNdGzin7olVN3p5Be7DH5tDVRV4rWO0W.fvWkK8p7q8m8Wxm', 'STUDENT', TRUE);

-- Insert students (50 students)
INSERT INTO students (user_id, roll_number, registration_number, first_name, last_name, email, phone_number, course, branch, semester, profile_photo_url, date_of_birth) VALUES
(2, 'roll001', 'REG001', 'Aarav', 'Kumar', 'aarav.kumar@college.edu', '9876543210', 'B.Tech', 'CSE', 4, 'https://via.placeholder.com/150', '2004-05-15'),
(3, 'roll002', 'REG002', 'Aisha', 'Singh', 'aisha.singh@college.edu', '9876543211', 'B.Tech', 'CSE', 4, 'https://via.placeholder.com/150', '2004-06-20'),
(4, 'roll003', 'REG003', 'Arjun', 'Patel', 'arjun.patel@college.edu', '9876543212', 'B.Tech', 'CSE', 4, 'https://via.placeholder.com/150', '2004-07-10'),
(5, 'roll004', 'REG004', 'Aditi', 'Sharma', 'aditi.sharma@college.edu', '9876543213', 'B.Tech', 'CSE', 4, 'https://via.placeholder.com/150', '2004-08-25'),
(6, 'roll005', 'REG005', 'Anmol', 'Verma', 'anmol.verma@college.edu', '9876543214', 'B.Tech', 'CSE', 4, 'https://via.placeholder.com/150', '2004-09-12'),
(7, 'roll006', 'REG006', 'Bhavna', 'Joshi', 'bhavna.joshi@college.edu', '9876543215', 'B.Tech', 'CSE', 4, 'https://via.placeholder.com/150', '2004-10-18'),
(8, 'roll007', 'REG007', 'Bhavesh', 'Gupta', 'bhavesh.gupta@college.edu', '9876543216', 'B.Tech', 'CSE', 4, 'https://via.placeholder.com/150', '2004-11-22'),
(9, 'roll008', 'REG008', 'Chetna', 'Rao', 'chetna.rao@college.edu', '9876543217', 'B.Tech', 'CSE', 4, 'https://via.placeholder.com/150', '2005-01-05'),
(10, 'roll009', 'REG009', 'Chirag', 'Nair', 'chirag.nair@college.edu', '9876543218', 'B.Tech', 'CSE', 4, 'https://via.placeholder.com/150', '2005-02-14'),
(11, 'roll010', 'REG010', 'Divya', 'Sinha', 'divya.sinha@college.edu', '9876543219', 'B.Tech', 'CSE', 4, 'https://via.placeholder.com/150', '2005-03-08'),
(12, 'roll011', 'REG011', 'Dhruv', 'Mishra', 'dhruv.mishra@college.edu', '9876543220', 'B.Tech', 'ECE', 4, 'https://via.placeholder.com/150', '2004-05-20'),
(13, 'roll012', 'REG012', 'Diya', 'Bhat', 'diya.bhat@college.edu', '9876543221', 'B.Tech', 'ECE', 4, 'https://via.placeholder.com/150', '2004-06-25'),
(14, 'roll013', 'REG013', 'Esha', 'Reddy', 'esha.reddy@college.edu', '9876543222', 'B.Tech', 'ECE', 4, 'https://via.placeholder.com/150', '2004-07-15'),
(15, 'roll014', 'REG014', 'Eshaan', 'Das', 'eshaan.das@college.edu', '9876543223', 'B.Tech', 'ECE', 4, 'https://via.placeholder.com/150', '2004-08-30'),
(16, 'roll015', 'REG015', 'Faisal', 'Ahmed', 'faisal.ahmed@college.edu', '9876543224', 'B.Tech', 'ECE', 4, 'https://via.placeholder.com/150', '2004-09-18'),
(17, 'roll016', 'REG016', 'Geet', 'Malik', 'geet.malik@college.edu', '9876543225', 'B.Tech', 'ECE', 4, 'https://via.placeholder.com/150', '2004-10-22'),
(18, 'roll017', 'REG017', 'Gaurav', 'Saxena', 'gaurav.saxena@college.edu', '9876543226', 'B.Tech', 'ECE', 4, 'https://via.placeholder.com/150', '2004-11-28'),
(19, 'roll018', 'REG018', 'Harshita', 'Chopra', 'harshita.chopra@college.edu', '9876543227', 'B.Tech', 'ECE', 4, 'https://via.placeholder.com/150', '2005-01-10'),
(20, 'roll019', 'REG019', 'Harsh', 'Tiwari', 'harsh.tiwari@college.edu', '9876543228', 'B.Tech', 'ECE', 4, 'https://via.placeholder.com/150', '2005-02-20'),
(21, 'roll020', 'REG020', 'Ishita', 'Bansal', 'ishita.bansal@college.edu', '9876543229', 'B.Tech', 'ECE', 4, 'https://via.placeholder.com/150', '2005-03-12'),
(22, 'roll021', 'REG021', 'Ishan', 'Pillai', 'ishan.pillai@college.edu', '9876543230', 'B.Tech', 'MECH', 4, 'https://via.placeholder.com/150', '2004-05-25'),
(23, 'roll022', 'REG022', 'Jiya', 'Kulkarni', 'jiya.kulkarni@college.edu', '9876543231', 'B.Tech', 'MECH', 4, 'https://via.placeholder.com/150', '2004-06-30'),
(24, 'roll023', 'REG023', 'Jatin', 'Arora', 'jatin.arora@college.edu', '9876543232', 'B.Tech', 'MECH', 4, 'https://via.placeholder.com/150', '2004-07-20'),
(25, 'roll024', 'REG024', 'Kavya', 'Iyer', 'kavya.iyer@college.edu', '9876543233', 'B.Tech', 'MECH', 4, 'https://via.placeholder.com/150', '2004-08-28'),
(26, 'roll025', 'REG025', 'Karun', 'Nambiar', 'karun.nambiar@college.edu', '9876543234', 'B.Tech', 'MECH', 4, 'https://via.placeholder.com/150', '2004-09-22'),
(27, 'roll026', 'REG026', 'Kriti', 'Dey', 'kriti.dey@college.edu', '9876543235', 'B.Tech', 'MECH', 4, 'https://via.placeholder.com/150', '2004-10-25'),
(28, 'roll027', 'REG027', 'Karan', 'Sethi', 'karan.sethi@college.edu', '9876543236', 'B.Tech', 'MECH', 4, 'https://via.placeholder.com/150', '2004-11-30'),
(29, 'roll028', 'REG028', 'Lavina', 'Sharma', 'lavina.sharma@college.edu', '9876543237', 'B.Tech', 'MECH', 4, 'https://via.placeholder.com/150', '2005-01-15'),
(30, 'roll029', 'REG029', 'Lav', 'Kapoor', 'lav.kapoor@college.edu', '9876543238', 'B.Tech', 'MECH', 4, 'https://via.placeholder.com/150', '2005-02-25'),
(31, 'roll030', 'REG030', 'Meera', 'Desai', 'meera.desai@college.edu', '9876543239', 'B.Tech', 'MECH', 4, 'https://via.placeholder.com/150', '2005-03-18'),
(32, 'roll031', 'REG031', 'Mayank', 'Hegde', 'mayank.hegde@college.edu', '9876543240', 'B.Tech', 'CSE', 4, 'https://via.placeholder.com/150', '2004-05-30'),
(33, 'roll032', 'REG032', 'Neha', 'Khurana', 'neha.khurana@college.edu', '9876543241', 'B.Tech', 'CSE', 4, 'https://via.placeholder.com/150', '2004-06-28'),
(34, 'roll033', 'REG033', 'Nikhil', 'Swamy', 'nikhil.swamy@college.edu', '9876543242', 'B.Tech', 'CSE', 4, 'https://via.placeholder.com/150', '2004-07-22'),
(35, 'roll034', 'REG034', 'Nisha', 'Yadav', 'nisha.yadav@college.edu', '9876543243', 'B.Tech', 'CSE', 4, 'https://via.placeholder.com/150', '2004-08-15'),
(36, 'roll035', 'REG035', 'Ojasvi', 'Rohatgi', 'ojasvi.rohatgi@college.edu', '9876543244', 'B.Tech', 'CSE', 4, 'https://via.placeholder.com/150', '2004-09-25'),
(37, 'roll036', 'REG036', 'Omkar', 'Singh', 'omkar.singh@college.edu', '9876543245', 'B.Tech', 'CSE', 4, 'https://via.placeholder.com/150', '2004-10-20'),
(38, 'roll037', 'REG037', 'Pooja', 'Gupta', 'pooja.gupta@college.edu', '9876543246', 'B.Tech', 'CSE', 4, 'https://via.placeholder.com/150', '2004-11-15'),
(39, 'roll038', 'REG038', 'Piyush', 'Sharma', 'piyush.sharma@college.edu', '9876543247', 'B.Tech', 'CSE', 4, 'https://via.placeholder.com/150', '2005-01-20'),
(40, 'roll039', 'REG039', 'Priya', 'Bala', 'priya.bala@college.edu', '9876543248', 'B.Tech', 'CSE', 4, 'https://via.placeholder.com/150', '2005-02-18'),
(41, 'roll040', 'REG040', 'Pranav', 'Desai', 'pranav.desai@college.edu', '9876543249', 'B.Tech', 'ECE', 4, 'https://via.placeholder.com/150', '2005-03-22'),
(42, 'roll041', 'REG041', 'Radhika', 'Verma', 'radhika.verma@college.edu', '9876543250', 'B.Tech', 'ECE', 4, 'https://via.placeholder.com/150', '2004-05-18'),
(43, 'roll042', 'REG042', 'Rishabh', 'Pathak', 'rishabh.pathak@college.edu', '9876543251', 'B.Tech', 'ECE', 4, 'https://via.placeholder.com/150', '2004-06-22'),
(44, 'roll043', 'REG043', 'Ridhi', 'Kapadia', 'ridhi.kapadia@college.edu', '9876543252', 'B.Tech', 'ECE', 4, 'https://via.placeholder.com/150', '2004-07-25'),
(45, 'roll044', 'REG044', 'Rohit', 'Pandey', 'rohit.pandey@college.edu', '9876543253', 'B.Tech', 'ECE', 4, 'https://via.placeholder.com/150', '2004-08-20'),
(46, 'roll045', 'REG045', 'Ritu', 'Kumar', 'ritu.kumar@college.edu', '9876543254', 'B.Tech', 'ECE', 4, 'https://via.placeholder.com/150', '2004-09-28'),
(47, 'roll046', 'REG046', 'Sahil', 'Jain', 'sahil.jain@college.edu', '9876543255', 'B.Tech', 'ECE', 4, 'https://via.placeholder.com/150', '2004-10-18'),
(48, 'roll047', 'REG047', 'Sakshi', 'Agarwal', 'sakshi.agarwal@college.edu', '9876543256', 'B.Tech', 'ECE', 4, 'https://via.placeholder.com/150', '2004-11-22'),
(49, 'roll048', 'REG048', 'Sameer', 'Goel', 'sameer.goel@college.edu', '9876543257', 'B.Tech', 'MECH', 4, 'https://via.placeholder.com/150', '2005-01-12'),
(50, 'roll049', 'REG049', 'Sandhya', 'Prabhu', 'sandhya.prabhu@college.edu', '9876543258', 'B.Tech', 'MECH', 4, 'https://via.placeholder.com/150', '2005-02-28'),
(51, 'roll050', 'REG050', 'Sanket', 'Rai', 'sanket.rai@college.edu', '9876543259', 'B.Tech', 'MECH', 4, 'https://via.placeholder.com/150', '2005-03-25');

-- Insert Subjects
INSERT INTO subjects (subject_code, subject_name, course, branch, semester, credits) VALUES
('CS401', 'Database Management Systems', 'B.Tech', 'CSE', 4, 3),
('CS402', 'Operating Systems', 'B.Tech', 'CSE', 4, 3),
('CS403', 'Computer Networks', 'B.Tech', 'CSE', 4, 4),
('CS404', 'Web Technology', 'B.Tech', 'CSE', 4, 3),
('CS405', 'Artificial Intelligence', 'B.Tech', 'CSE', 4, 4),
('EC401', 'Microprocessors', 'B.Tech', 'ECE', 4, 3),
('EC402', 'Digital Signal Processing', 'B.Tech', 'ECE', 4, 3),
('EC403', 'Electromagnetic Theory', 'B.Tech', 'ECE', 4, 4),
('EC404', 'Power Electronics', 'B.Tech', 'ECE', 4, 3),
('EC405', 'Control Systems', 'B.Tech', 'ECE', 4, 4),
('ME401', 'Thermodynamics', 'B.Tech', 'MECH', 4, 3),
('ME402', 'Fluid Mechanics', 'B.Tech', 'MECH', 4, 3),
('ME403', 'Machine Design', 'B.Tech', 'MECH', 4, 4),
('ME404', 'Heat Transfer', 'B.Tech', 'MECH', 4, 3),
('ME405', 'Production Engineering', 'B.Tech', 'MECH', 4, 4);

-- Insert sample attendance records
INSERT INTO attendance (student_id, subject_id, semester, classes_held, classes_attended, attendance_percentage) VALUES
-- CSE Students - CS401 (Database Management Systems)
(1, 1, 4, 24, 22, 91.67),
(2, 1, 4, 24, 20, 83.33),
(3, 1, 4, 24, 18, 75.00),
(4, 1, 4, 24, 16, 66.67),
(5, 1, 4, 24, 23, 95.83),
(6, 1, 4, 24, 21, 87.50),
(7, 1, 4, 24, 19, 79.17),
(8, 1, 4, 24, 17, 70.83),
(9, 1, 4, 24, 24, 100.00),
(10, 1, 4, 24, 22, 91.67),
-- CSE Students - CS402 (Operating Systems)
(1, 2, 4, 22, 20, 90.91),
(2, 2, 4, 22, 19, 86.36),
(3, 2, 4, 22, 17, 77.27),
(4, 2, 4, 22, 15, 68.18),
(5, 2, 4, 22, 22, 100.00),
(6, 2, 4, 22, 20, 90.91),
(7, 2, 4, 22, 18, 81.82),
(8, 2, 4, 22, 16, 72.73),
(9, 2, 4, 22, 22, 100.00),
(10, 2, 4, 22, 21, 95.45),
-- ECE Students - EC401 (Microprocessors)
(11, 6, 4, 25, 23, 92.00),
(12, 6, 4, 25, 21, 84.00),
(13, 6, 4, 25, 19, 76.00),
(14, 6, 4, 25, 17, 68.00),
(15, 6, 4, 25, 24, 96.00),
(16, 6, 4, 25, 22, 88.00),
(17, 6, 4, 25, 20, 80.00),
(18, 6, 4, 25, 18, 72.00),
(19, 6, 4, 25, 25, 100.00),
(20, 6, 4, 25, 23, 92.00),
-- MECH Students - ME401 (Thermodynamics)
(21, 11, 4, 26, 24, 92.31),
(22, 11, 4, 26, 22, 84.62),
(23, 11, 4, 26, 20, 76.92),
(24, 11, 4, 26, 18, 69.23),
(25, 11, 4, 26, 25, 96.15),
(26, 11, 4, 26, 23, 88.46),
(27, 11, 4, 26, 21, 80.77),
(28, 11, 4, 26, 19, 73.08),
(29, 11, 4, 26, 26, 100.00),
(30, 11, 4, 26, 24, 92.31);

-- Insert sample grades
INSERT INTO grades (student_id, subject_id, semester, internal_marks, practical_marks, external_marks, total_marks, grade, grade_points) VALUES
-- CSE Students Grades
(1, 1, 4, 35, 18, 72, 125, 'A', 9.0),
(2, 1, 4, 32, 16, 68, 116, 'B+', 8.0),
(3, 1, 4, 28, 14, 60, 102, 'B', 7.5),
(4, 1, 4, 25, 12, 52, 89, 'B-', 6.5),
(5, 1, 4, 38, 19, 75, 132, 'A+', 9.5),
(1, 2, 4, 34, 17, 70, 121, 'A', 9.0),
(2, 2, 4, 31, 15, 66, 112, 'B+', 8.0),
(3, 2, 4, 27, 13, 58, 98, 'B', 7.5),
(4, 2, 4, 24, 11, 50, 85, 'B-', 6.5),
(5, 2, 4, 37, 18, 73, 128, 'A+', 9.5),
-- ECE Students Grades
(11, 6, 4, 36, 19, 74, 129, 'A+', 9.5),
(12, 6, 4, 33, 17, 70, 120, 'A', 9.0),
(13, 6, 4, 29, 15, 62, 106, 'B', 7.5),
(14, 6, 4, 26, 13, 54, 93, 'B-', 6.5),
(15, 6, 4, 39, 20, 77, 136, 'A+', 9.5),
-- MECH Students Grades
(21, 11, 4, 35, 18, 71, 124, 'A', 9.0),
(22, 11, 4, 32, 16, 67, 115, 'B+', 8.0),
(23, 11, 4, 28, 14, 59, 101, 'B', 7.5),
(24, 11, 4, 25, 12, 51, 88, 'B-', 6.5),
(25, 11, 4, 38, 19, 76, 133, 'A+', 9.5);

-- Insert Timetable
INSERT INTO timetable (subject_id, course, branch, semester, day_of_week, start_time, end_time, room_number, faculty_name) VALUES
-- CSE - CS401 (Database Management Systems)
(1, 'B.Tech', 'CSE', 4, 'Monday', '09:00:00', '10:30:00', 'A101', 'Dr. Rajesh Kumar'),
(1, 'B.Tech', 'CSE', 4, 'Wednesday', '09:00:00', '10:30:00', 'A101', 'Dr. Rajesh Kumar'),
(1, 'B.Tech', 'CSE', 4, 'Friday', '10:00:00', '11:30:00', 'A101', 'Dr. Rajesh Kumar'),
-- CSE - CS402 (Operating Systems)
(2, 'B.Tech', 'CSE', 4, 'Tuesday', '11:00:00', '12:30:00', 'A102', 'Prof. Priya Singh'),
(2, 'B.Tech', 'CSE', 4, 'Thursday', '11:00:00', '12:30:00', 'A102', 'Prof. Priya Singh'),
(2, 'B.Tech', 'CSE', 4, 'Saturday', '10:00:00', '11:30:00', 'A102', 'Prof. Priya Singh'),
-- ECE - EC401 (Microprocessors)
(6, 'B.Tech', 'ECE', 4, 'Monday', '14:00:00', '15:30:00', 'B201', 'Dr. Amit Patel'),
(6, 'B.Tech', 'ECE', 4, 'Wednesday', '14:00:00', '15:30:00', 'B201', 'Dr. Amit Patel'),
(6, 'B.Tech', 'ECE', 4, 'Friday', '14:00:00', '15:30:00', 'B201', 'Dr. Amit Patel'),
-- MECH - ME401 (Thermodynamics)
(11, 'B.Tech', 'MECH', 4, 'Tuesday', '09:00:00', '10:30:00', 'C301', 'Prof. Vikram Singh'),
(11, 'B.Tech', 'MECH', 4, 'Thursday', '09:00:00', '10:30:00', 'C301', 'Prof. Vikram Singh'),
(11, 'B.Tech', 'MECH', 4, 'Saturday', '09:00:00', '10:30:00', 'C301', 'Prof. Vikram Singh');

-- Insert Notices
INSERT INTO notices (title, description, notice_pdf_url, created_by, expiry_date, is_active) VALUES
(1, 'Mid Semester Examination Schedule Released', 'The mid-semester examination schedule for Semester 4 has been released. Students are requested to check the notice board for detailed information regarding exam timings and venues.', 'https://college.edu/notices/mid_sem_schedule.pdf', 1, '2026-07-15', TRUE),
(1, 'Library Timing Extension', 'The college library will remain open until 8:00 PM during the examination period. All students can access the reading room with valid ID cards.', 'https://college.edu/notices/library_timing.pdf', 1, '2026-07-31', TRUE),
(1, 'Campus Placement Drive', 'Top IT companies will visit the campus on 20th June 2026 for campus recruitment. Interested students are requested to register through the placement office.', 'https://college.edu/notices/placements.pdf', 1, '2026-06-20', TRUE),
(1, 'Health Camp Organized', 'A free health checkup camp will be organized on 10th June 2026. All students are encouraged to participate. Medical services will be provided by the college health center.', 'https://college.edu/notices/health_camp.pdf', 1, '2026-06-10', TRUE),
(1, 'Sports Day Announcement', 'The annual sports day will be held on 25th June 2026. Students from all branches are invited to participate in various events.', 'https://college.edu/notices/sports_day.pdf', 1, '2026-06-25', TRUE);

-- Set SGPA and CGPA for students
INSERT INTO academic_performance (student_id, semester, sgpa, cgpa, total_credits_earned, total_grade_points) VALUES
(1, 4, 8.8, 8.5, 16, 136.0),
(2, 4, 7.9, 7.8, 16, 125.0),
(3, 4, 7.3, 7.2, 16, 115.0),
(4, 4, 6.8, 6.5, 16, 108.0),
(5, 4, 9.4, 9.2, 16, 150.0),
(6, 4, 8.6, 8.4, 16, 138.0),
(7, 4, 7.8, 7.6, 16, 125.0),
(8, 4, 7.0, 6.9, 16, 112.0),
(9, 4, 9.8, 9.6, 16, 157.0),
(10, 4, 8.9, 8.7, 16, 140.0),
(11, 4, 9.5, 9.3, 16, 152.0),
(12, 4, 8.8, 8.6, 16, 140.0),
(13, 4, 7.5, 7.4, 16, 119.0),
(14, 4, 6.5, 6.3, 16, 101.0),
(15, 4, 9.5, 9.3, 16, 152.0),
(21, 4, 8.7, 8.5, 16, 138.0),
(22, 4, 7.8, 7.6, 16, 124.0),
(23, 4, 7.2, 7.1, 16, 114.0),
(24, 4, 6.6, 6.4, 16, 105.0),
(25, 4, 9.3, 9.1, 16, 149.0);
